{"p5_media": 1.33500106673234, "p95_media": 7.524369743359548, "p5_wti": 0.18223698063257943, "p95_wti": 0.5300129738735382}